{
	"enable v-sync" : true,
	"enable fxaa" : true,
	"brightness" : "-431602080.000, -431602080.000, -431602080.000",
	"offset" : "-431602080.000, -431602080.000, -431602080.000",
	"saturation" : 1.000000,
	"aperture" : 1.000000,
	"shutter speed" : 0.125000,
	"light sensitivity" : 800.000000
}